,City,Cloudiness,Country,Date,Humidity,lat,lon,Max Temp,Wind Speed
0,Rikitea,100,PF,1579562191,76,-23.12,-134.97,25.79,4.06
1,Tiksi,2,RU,1579561988,91,71.69,128.87,-32.78,1.73
2,Muscatine,1,US,1579562192,78,41.47,-91.13,-7.0,2.1
3,Oda,75,JP,1579562102,56,35.18,132.5,7.0,4.6
4,Tuktoyaktuk,75,CA,1579562192,74,69.45,-133.04,-30.0,1.5
5,Kaitangata,100,NZ,1579562192,66,-46.28,169.85,18.33,4.46
6,Llanes,99,ES,1579562192,10,43.42,-4.75,8.33,2.36
7,Atuona,53,PF,1579561981,74,-9.8,-139.03,27.29,5.38
8,Punta Arenas,75,CL,1579562053,71,-53.15,-70.92,15.0,7.2
9,Hermanus,57,ZA,1579562193,95,-34.42,19.23,20.56,3.13
10,Barrow,90,US,1579562193,83,71.29,-156.79,-21.0,3.1
11,Bambous Virieux,40,MU,1579562193,83,-20.34,57.76,26.67,6.08
12,Tasiilaq,12,GL,1579561971,47,65.61,-37.64,-10.0,8.2
13,Torbay,90,CA,1579561967,92,47.67,-52.73,-2.78,4.6
14,Yar-Sale,100,RU,1579562194,97,66.83,70.83,-19.57,3.77
15,Namatanai,47,PG,1579562194,72,-3.67,152.43,29.36,5.23
16,New Norfolk,75,AU,1579562194,67,-42.78,147.06,16.11,4.1
17,Cromarty,97,GB,1579562194,87,57.68,-4.03,11.11,9.3
18,Kurilsk,100,RU,1579562194,82,45.23,147.88,-3.23,2.85
19,Longyearbyen,40,SJ,1579561971,73,78.22,15.64,-7.0,12.3
20,Bredasdorp,98,ZA,1579561899,82,-34.53,20.04,19.0,6.2
21,Bucerias,20,MX,1579562195,74,20.75,-105.33,28.0,4.6
22,Busselton,90,AU,1579562195,53,-33.65,115.33,20.0,7.0
23,George Town,20,MY,1579562103,74,5.41,100.34,27.0,2.6
24,Butaritari,100,KI,1579562196,67,3.07,172.79,29.24,1.42
25,Saint-Philippe,100,RE,1579562196,94,-21.36,55.77,25.0,5.7
26,Salalah,0,OM,1579562196,73,17.02,54.09,21.0,2.6
27,Comodoro Rivadavia,40,AR,1579562102,32,-45.87,-67.5,28.0,5.1
28,Una,0,IN,1579562196,48,20.82,71.03,16.88,1.51
29,Cacoal,97,BR,1579562197,92,-11.44,-61.45,24.77,1.4
30,Jacareacanga,100,BR,1579562197,95,-6.22,-57.75,24.48,0.63
31,Sydney,0,AU,1579562081,50,-33.87,151.21,28.33,3.6
32,Nikolskoye,90,RU,1579562197,80,59.7,30.79,4.0,6.0
33,Marawi,29,PH,1579562197,89,8.0,124.29,23.33,2.68
34,Jamestown,1,US,1579561985,56,42.1,-79.24,-5.56,4.1
35,Cidreira,100,BR,1579562198,85,-30.18,-50.21,24.24,12.18
36,Bluff,100,NZ,1579562198,79,-46.6,168.33,18.89,1.34
37,Ugoofaaru,79,MV,1579562198,71,5.67,73.0,28.26,6.46
38,Cape Town,0,ZA,1579562008,77,-33.93,18.42,20.56,2.1
39,Asosa,10,ET,1579562198,44,10.07,34.53,18.69,2.85
40,Hithadhoo,97,MV,1579562199,77,-0.6,73.08,28.25,5.82
41,Upernavik,96,GL,1579562199,59,72.79,-56.15,-19.11,3.59
42,Saint-Augustin,0,CA,1579562199,80,51.23,-58.65,-16.04,5.72
43,Ghanzi,75,BW,1579562199,60,-21.57,21.78,24.41,7.03
44,Qaanaaq,100,GL,1579561976,71,77.48,-69.36,-24.25,3.29
45,Avarua,99,CK,1579562199,83,-21.21,-159.78,28.0,5.1
46,Torit,50,SS,1579562200,30,4.41,32.57,24.59,1.03
47,Kapaa,90,US,1579562200,88,22.08,-159.32,26.0,5.1
48,Mayo,1,US,1579562200,36,38.89,-76.51,0.0,3.6
49,Nome,90,US,1579562200,92,64.5,-165.41,-10.0,5.7
50,Ushuaia,75,AR,1579561865,76,-54.8,-68.3,11.0,1.33
51,Vitim,75,RU,1579562201,94,59.45,112.56,-21.46,4.31
52,Hilo,90,US,1579562201,69,19.73,-155.09,25.0,2.6
53,Nikel,75,RU,1579562201,92,69.41,30.22,-2.0,13.4
54,Hobart,75,AU,1579562201,67,-42.88,147.33,16.11,4.1
55,Ust'-Uda,100,RU,1579562201,94,54.17,103.03,-20.84,2.15
56,Parana,69,AR,1579562201,75,-31.73,-60.52,28.33,2.24
57,'Ewa Beach,75,US,1579562075,83,21.32,-158.01,26.0,2.1
58,Chokurdakh,100,RU,1579562202,97,70.63,147.92,-26.61,3.74
59,Saint George,1,US,1579561983,30,37.1,-113.58,13.33,2.29
60,Dikson,11,RU,1579562202,93,73.51,80.55,-31.22,8.57
61,Khatanga,39,RU,1579562202,99,71.97,102.5,-35.07,3.39
62,Adrar,9,MR,1579562202,17,20.5,-10.07,15.85,3.29
63,Norman Wells,20,CA,1579562203,68,65.28,-126.83,-26.0,1.5
64,Phan Thiet,0,VN,1579562099,66,10.93,108.1,21.81,0.91
65,Rapid Valley,1,US,1579562203,59,44.06,-103.15,6.0,5.1
66,Airai,99,TL,1579562203,60,-8.93,125.41,24.68,1.39
67,Fallon,1,US,1579562203,52,39.47,-118.78,10.0,0.7
68,Kantunilkin,90,MX,1579562203,94,21.09,-87.45,22.78,5.1
69,Lebu,0,CL,1579562204,74,-37.62,-73.65,15.08,4.65
70,Thompson,75,CA,1579561989,71,55.74,-97.86,-13.0,4.1
71,Anicuns,57,BR,1579562204,94,-16.46,-49.96,22.14,1.32
72,Nago,20,JP,1579562204,77,26.59,127.98,17.0,4.6
73,Codrington,100,AU,1579562205,67,-38.27,141.97,14.04,1.36
74,Labuhan,89,ID,1579562205,87,-6.88,112.21,25.59,0.48
75,Ongandjera,100,NA,1579562205,40,-17.88,15.07,25.05,4.99
76,Muisne,75,EC,1579562205,88,0.6,-80.03,27.0,3.1
77,Cayenne,90,GF,1579562205,78,4.93,-52.33,26.0,2.6
78,Kurbnesh,76,AL,1579562206,79,41.78,20.08,0.0,1.5
79,Haines Junction,62,CA,1579561992,95,60.75,-137.51,-14.42,1.65
80,Leninskoye,12,RU,1579562206,89,47.94,132.62,-19.3,2.73
81,Carnarvon,0,AU,1579562206,83,-24.87,113.63,22.0,9.3
82,Darnah,100,LY,1579562206,66,32.77,22.64,13.83,6.02
83,Kavieng,3,PG,1579562206,75,-2.57,150.8,28.41,6.85
84,Alice Springs,78,AU,1579562044,26,-23.7,133.88,26.0,1.5
85,Bethel,1,US,1579562207,25,41.37,-73.41,-1.67,3.6
86,Jobabo,75,CU,1579562207,74,20.97,-76.3,27.0,6.7
87,Ancud,0,CL,1579562016,46,-41.87,-73.82,22.0,9.3
88,Moyobamba,3,PE,1579562207,91,-6.05,-76.97,20.93,0.66
89,Walvis Bay,0,NA,1579562207,88,-22.96,14.51,17.78,1.5
90,Mar del Plata,90,AR,1579562121,88,-38.0,-57.56,19.0,6.2
91,Varzelandia,99,BR,1579562208,62,-15.7,-44.03,24.25,1.36
92,Avanuorri,75,NO,1579562208,64,71.0,24.66,3.0,22.1
93,Clyde River,75,CA,1579562208,68,70.47,-68.59,-26.0,5.1
94,Caravelas,60,BR,1579562208,84,-17.71,-39.25,26.58,4.7
95,Lebedinyy,53,RU,1579562208,79,58.52,125.52,-24.73,3.64
96,Kruisfontein,99,ZA,1579562209,86,-34.0,24.73,17.97,4.41
97,Northam,0,GB,1579562209,90,51.03,-4.22,6.67,1.0
98,Puerto Madryn,0,AR,1579562108,36,-42.77,-65.04,20.84,6.19
99,Longfeng,42,CN,1579562209,89,46.55,125.12,-18.78,3.96
100,Nishihara,20,JP,1579562209,77,26.18,127.76,16.0,4.6
101,Cabo San Lucas,5,MX,1579562210,47,22.89,-109.91,25.56,5.7
102,Morant Bay,20,JM,1579562210,66,17.88,-76.41,29.0,2.6
103,Eureka,1,US,1579562034,62,40.8,-124.16,16.11,4.1
104,Leningradskiy,100,RU,1579561986,87,69.38,178.42,-20.5,6.13
105,Lagoa,93,PT,1579562210,74,39.05,-27.98,15.47,7.47
106,Kamaishi,32,JP,1579562210,56,39.27,141.88,1.85,4.88
107,Nipawin,1,CA,1579562211,78,53.37,-104.0,-12.0,2.1
108,Albany,1,US,1579562135,44,42.6,-73.97,-6.67,7.7
109,Voh,2,NC,1579562211,70,-20.97,164.7,25.76,2.91
110,Woodward,1,US,1579562211,30,36.43,-99.39,14.0,3.26
111,Bathsheba,20,BB,1579562211,78,13.22,-59.52,26.0,7.2
112,Deputatsky,100,RU,1579562211,91,69.3,139.9,-28.12,2.12
113,Tutoia,74,BR,1579561955,93,-2.76,-42.27,24.42,1.62
114,Kodiak,1,US,1579561973,67,57.79,-152.41,-7.0,3.1
115,Port Elizabeth,20,ZA,1579561998,82,-33.92,25.57,19.0,7.7
116,Sur,0,OM,1579562212,70,22.57,59.53,18.5,2.75
117,Benxi,0,CN,1579562212,56,41.29,123.77,-10.0,4.0
118,Arraial do Cabo,40,BR,1579562212,78,-22.97,-42.03,25.0,3.1
119,Camacha,75,PT,1579562212,58,33.08,-16.33,15.0,7.2
120,Saint-Junien,0,FR,1579562213,74,45.88,0.9,2.22,7.2
121,Sitka,75,US,1579562213,75,57.05,-135.33,6.0,4.6
122,Sisimiut,99,GL,1579562213,89,66.94,-53.67,-16.65,2.8
123,Zhanjiang,100,CN,1579561954,85,21.28,110.34,16.66,4.01
124,Talnakh,2,RU,1579562213,65,69.49,88.4,-39.0,2.0
125,Sinop,96,TR,1579562213,72,41.77,34.87,5.47,9.02
126,Culiacancito,20,MX,1579562214,48,24.82,-107.53,30.0,1.81
127,Mocuba,100,MZ,1579562214,97,-16.84,36.99,24.03,4.72
128,Port Alfred,86,ZA,1579562214,91,-33.59,26.89,16.67,1.34
129,Opuwo,23,NA,1579562214,63,-18.06,13.84,20.37,3.46
130,Chernyshevskiy,100,RU,1579562214,94,63.01,112.47,-25.09,3.89
131,Shingu,0,JP,1579562214,62,33.73,135.98,8.59,6.7
132,Nhulunbuy,40,AU,1579562215,74,-12.23,136.77,29.0,3.1
133,Vestmannaeyjar,100,IS,1579562215,75,63.44,-20.27,3.11,12.94
134,Slave Lake,75,CA,1579562161,77,55.28,-114.77,-14.0,3.6
135,Coromandel,92,BR,1579562215,93,-18.47,-47.2,21.45,0.69
136,Anjozorobe,40,MG,1579562215,88,-18.4,47.87,20.0,1.0
137,Puerto Escondido,40,MX,1579562216,70,15.85,-97.07,29.0,3.1
138,Vetovo,58,BG,1579562216,85,43.7,26.27,-2.27,2.7
139,Guerrero Negro,60,MX,1579562216,47,27.98,-114.06,19.02,6.1
140,Fare,17,PF,1579562216,75,-16.7,-151.02,27.7,4.23
141,Casablanca,40,MA,1579562019,100,33.59,-7.62,11.67,2.6
142,Ponta do Sol,75,PT,1579562216,54,32.67,-17.1,15.0,7.7
143,Aklavik,20,CA,1579562217,75,68.22,-135.01,-28.0,2.1
144,Ambon,40,ID,1579562217,74,-3.7,128.18,28.0,4.1
145,Chui,21,UY,1579562217,86,-33.7,-53.46,22.67,4.53
146,Mataura,100,NZ,1579562217,79,-46.19,168.86,18.89,1.34
147,Dalnerechensk,3,RU,1579562218,93,45.93,133.72,-18.86,2.86
148,Ritchie,23,ZA,1579562218,32,-29.04,24.6,23.76,3.14
149,Castro,66,BR,1579562048,81,-24.79,-50.01,20.14,3.26
150,Moche,20,PE,1579562218,73,-8.17,-79.01,24.0,3.1
151,Ketchikan,90,US,1579562218,87,55.34,-131.65,6.0,3.6
152,Honiara,40,SB,1579562218,79,-9.43,159.95,29.0,1.5
153,Fernie,75,CA,1579561945,80,49.5,-115.07,1.0,2.1
154,Bendigo,2,AU,1579562219,58,-36.77,144.28,22.78,0.45
155,Chapais,90,CA,1579562219,77,49.78,-74.85,-18.0,2.6
156,Puerto Ayora,20,EC,1579562219,66,-0.74,-90.35,29.0,5.1
157,North Platte,1,US,1579562219,68,41.12,-100.77,-3.33,5.1
158,Porto-Novo,20,BJ,1579562146,83,6.5,2.6,27.0,2.1
159,Saint-Pierre,100,RE,1579562220,94,-21.34,55.48,25.0,5.7
160,Beroroha,100,MG,1579562220,96,-21.67,45.17,21.87,2.15
161,Kenora,20,CA,1579562220,84,49.82,-94.43,-16.0,5.7
162,Siyabuswa,26,ZA,1579562220,75,-25.11,29.04,19.32,4.92
163,Kumul,95,CN,1579562220,94,42.8,93.45,-13.1,1.57
164,Bonthe,48,SL,1579562220,87,7.53,-12.51,25.38,2.4
165,Vanavara,100,RU,1579562221,95,60.34,102.28,-24.79,3.48
166,Saint-Vallier,2,FR,1579562221,86,46.64,4.37,0.0,0.49
167,Hualmay,100,PE,1579562221,76,-11.1,-77.61,22.09,2.26
168,Port-Cartier,75,CA,1579562221,49,50.03,-66.87,-16.0,6.2
169,Sosnovo-Ozerskoye,68,RU,1579562221,97,52.52,111.54,-24.94,4.38
170,Lata,30,PT,1579562007,49,40.16,-8.33,9.44,3.6
171,Sao Filipe,0,CV,1579562222,75,14.9,-24.5,21.04,2.3
172,Oistins,20,BB,1579562222,78,13.07,-59.53,26.0,7.2
173,Esperance,83,AU,1579562222,77,-33.87,121.9,16.0,5.1
174,Lisala,57,CD,1579562222,66,2.15,21.52,22.67,0.38
175,Sistranda,75,NO,1579562222,81,63.73,8.83,7.0,13.9
176,Yellowknife,75,CA,1579562085,76,62.46,-114.35,-22.78,3.6
177,Tual,83,ID,1579562223,77,-5.67,132.75,28.37,7.11
178,Cleethorpes,41,GB,1579562223,93,53.56,-0.03,5.0,3.6
179,East London,82,ZA,1579562223,79,-33.02,27.91,20.51,5.79
180,Muros,20,ES,1579562224,60,42.78,-9.06,8.89,4.1
181,Magnolia,1,US,1579562224,30,33.27,-93.24,11.0,0.42
182,Zaraza,74,VE,1579562224,78,9.35,-65.32,25.31,3.94
183,Maniitsoq,100,GL,1579562224,76,65.42,-52.9,-8.0,4.03
184,Petropavlovsk-Kamchatsky,40,RU,1579562225,71,53.05,158.65,-16.0,3.0
185,Faanui,26,PF,1579562225,74,-16.48,-151.75,27.57,4.89
186,Chara,100,RU,1579562225,99,56.91,118.26,-24.03,0.4
187,Yangi Marg`ilon,100,UZ,1579562225,74,40.43,71.72,-1.0,2.1
188,Tokonou,88,GN,1579562225,32,9.65,-9.78,22.25,0.54
189,Severo-Kuril'sk,100,RU,1579561996,88,50.68,156.12,-6.73,2.82
190,Neyshabur,99,IR,1579562226,86,36.21,58.8,-2.21,0.91
191,Stulovo,82,RU,1579562226,97,58.72,50.14,-5.34,2.01
192,Anchorage,90,US,1579561941,85,61.22,-149.9,-7.0,1.5
193,Hasaki,20,JP,1579562017,65,35.73,140.83,6.67,9.3
194,Fortuna,1,US,1579562226,62,40.6,-124.16,16.11,4.1
195,Isangel,20,VU,1579561998,69,-19.55,169.27,27.0,4.1
196,Calabozo,48,VE,1579562226,46,8.92,-67.43,29.64,2.52
197,Vaini,20,TO,1579562227,65,-21.2,-175.2,28.0,5.1
198,Maceio,72,BR,1579562227,78,-9.67,-35.74,25.0,2.6
199,Asau,75,RO,1579562227,80,46.43,26.4,-1.0,4.1
200,Faya,5,SA,1579562227,93,18.39,42.45,12.0,2.6
201,Verkhnyaya Inta,71,RU,1579562227,84,65.98,60.31,-18.05,2.62
202,Provideniya,100,RU,1579562004,71,64.38,-173.3,-16.0,1.0
203,Norden,0,DE,1579562228,100,53.6,7.2,4.44,4.6
204,Tabou,35,CI,1579562228,86,4.42,-7.35,24.95,0.9
205,Husavik,90,IS,1579562228,55,66.04,-17.34,2.0,27.8
206,Sao Joao da Barra,55,BR,1579561980,92,-21.64,-41.05,22.24,5.29
207,Siparia,40,TT,1579562229,88,10.13,-61.5,25.56,2.6
208,Nushki,99,PK,1579562229,89,29.55,66.02,5.88,1.26
209,Langsa,100,ID,1579562229,91,4.47,97.97,23.59,0.82
210,Mitsamiouli,95,KM,1579562229,80,-11.38,43.28,28.45,11.08
211,Christchurch,57,NZ,1579562189,68,-43.53,172.63,22.78,5.1
212,Bossangoa,71,CF,1579562229,28,6.49,17.46,21.3,1.6
213,Coyhaique,20,CL,1579562230,44,-45.58,-72.07,24.0,2.6
214,Tigil,95,RU,1579562230,95,57.8,158.67,-13.06,1.91
215,Tazmalt,40,DZ,1579562230,87,36.39,4.4,8.0,4.1
216,Lorengau,11,PG,1579562230,77,-2.02,147.27,28.52,6.32
217,Dunedin,100,NZ,1579562230,66,-45.87,170.5,18.33,6.61
218,Djenne,36,ML,1579562231,16,13.91,-4.55,22.38,2.32
219,Pevek,100,RU,1579562231,98,69.7,170.31,-25.81,3.35
220,Olga,0,RU,1579562231,60,43.74,135.29,-6.12,9.04
221,Cherskiy,100,RU,1579561978,98,68.75,161.3,-31.02,2.3
222,Rodrigues Alves,75,BR,1579562232,79,-7.74,-72.65,29.0,1.0
223,Fort Saint James,63,CA,1579562232,92,54.43,-124.25,0.58,2.24
224,Halifax,75,CA,1579561991,92,44.65,-63.57,-4.44,3.1
225,Birin,0,NP,1579562232,84,26.89,88.07,2.64,1.42
226,Isla Mujeres,90,MX,1579562233,94,21.23,-86.73,22.78,5.1
227,Troitsko-Pechorsk,30,RU,1579562233,98,62.71,56.2,-18.32,2.01
228,Fjerritslev,65,DK,1579562164,92,57.08,9.27,6.67,8.05
229,Amurzet,0,RU,1579562233,88,47.7,131.1,-18.85,2.48
230,Ilulissat,100,GL,1579562233,47,69.22,-51.1,-9.0,10.3
231,Nanortalik,100,GL,1579562233,67,60.14,-45.24,-2.04,10.55
232,Buala,38,SB,1579562234,67,-8.14,159.59,29.97,4.37
233,Margate,0,GB,1579561955,92,51.38,1.39,3.89,1.0
234,Nicoya,75,CR,1579562102,49,10.15,-85.45,32.0,6.2
235,La Grande,90,US,1579562234,60,45.32,-118.09,6.0,3.79
236,Klaksvik,66,FO,1579562002,65,62.23,-6.59,5.0,11.3
237,Le Vauclin,90,MQ,1579562235,83,14.55,-60.84,26.0,4.6
238,Mackenzie,90,CA,1579562235,93,55.3,-123.17,3.0,5.1
239,Meulaboh,100,ID,1579562235,87,4.14,96.13,26.32,5.56
240,Iqaluit,40,CA,1579562235,67,63.75,-68.51,-31.67,7.2
241,Grootfontein,15,NA,1579562235,26,-19.57,18.12,21.53,6.04
242,San-Pedro,77,CI,1579562235,81,4.75,-6.64,27.72,3.21
243,Hudson Bay,92,CA,1579562236,94,52.85,-102.38,-10.12,2.43
244,Awjilah,0,LY,1579562236,61,29.11,21.29,12.22,3.67
245,Deniliquin,2,AU,1579562236,52,-35.53,144.97,21.84,3.2
246,Ahipara,46,NZ,1579561982,71,-35.17,173.17,30.0,5.21
247,Kushima,20,JP,1579562236,72,31.46,131.23,5.0,4.1
248,Pedernales,40,DO,1579562237,74,18.04,-71.74,28.0,7.2
249,Yarmouth,1,US,1579562237,33,41.71,-70.23,-2.0,2.6
250,Tuatapere,100,NZ,1579562237,79,-46.13,167.68,18.89,1.34
251,Naze,40,JP,1579562237,62,28.37,129.48,17.0,2.1
252,Lompoc,90,US,1579562237,62,34.64,-120.46,16.11,3.1
253,Rawson,0,AR,1579562238,67,-43.3,-65.1,17.85,4.99
254,Antalaha,100,MG,1579562238,82,-14.9,50.28,27.95,4.43
255,Portland,75,US,1579562158,65,45.52,-122.68,9.44,4.1
256,Nabire,59,ID,1579562239,67,-3.37,135.48,27.99,0.58
257,Henties Bay,0,NA,1579562239,88,-22.12,14.28,17.78,1.78
258,Moranbah,29,AU,1579562239,48,-22.0,148.05,31.5,4.47
259,Kyzyl-Suu,93,KG,1579562240,60,42.34,78.0,-7.12,3.27
260,Berlevag,75,NO,1579562240,81,70.86,29.09,2.0,12.9
261,Paamiut,100,GL,1579562240,72,61.99,-49.67,-3.68,10.72
262,Puerto Santander,20,CO,1579562240,58,8.36,-72.41,30.0,3.1
263,Grand Gaube,40,MU,1579562240,83,-20.01,57.66,26.67,5.46
264,Mabaruma,91,GY,1579562240,94,8.2,-59.78,22.44,1.27
265,Rorvik,40,NO,1579562241,56,64.86,11.24,7.0,13.9
266,Bonavista,99,CA,1579562241,90,48.65,-53.11,-4.44,2.68
267,Ribeira Grande,100,PT,1579562241,82,38.52,-28.7,13.89,7.35
268,Saskylakh,77,RU,1579562242,93,71.92,114.08,-32.12,2.56
269,Ippy,20,CF,1579562242,19,6.27,21.22,22.88,4.54
270,Borba,100,BR,1579562219,96,-4.39,-59.59,24.36,0.12
271,Mago,32,RU,1579562243,97,53.25,140.18,-23.28,1.93
272,Mossamedes,20,AO,1579562243,85,-15.2,12.15,23.96,5.25
273,Mariehamn,37,AX,1579562243,75,60.1,19.93,7.0,5.1
274,Eenhana,85,NA,1579562243,50,-17.47,16.33,26.0,2.1
275,Palmer,1,US,1579562243,31,42.16,-72.33,-4.44,2.6
276,Colesberg,0,ZA,1579562243,45,-30.72,25.1,20.72,1.96
277,Stonewall,75,CA,1579562044,64,50.13,-97.33,-15.56,9.8
278,Chepareria,2,KE,1579562244,43,1.31,35.2,20.17,2.11
279,Inirida,55,CO,1579562244,95,3.87,-67.92,24.42,0.86
280,San Rafael,35,AR,1579562244,65,-34.62,-68.33,25.12,8.18
281,Nouadhibou,0,MR,1579562244,72,20.93,-17.03,17.0,6.2
282,Podor,34,MR,1579562245,40,16.65,-14.96,22.0,4.26
283,Singarayakonda,55,IN,1579562245,81,15.25,80.03,21.33,1.36
284,Hobyo,18,SO,1579562245,81,5.35,48.53,24.63,7.28
285,Angoche,100,MZ,1579562245,95,-16.23,39.91,24.34,1.82
286,Puerto Carreno,40,CO,1579562245,47,6.19,-67.49,35.0,2.6
287,Pipri,0,IN,1579562054,76,19.8,75.53,16.12,1.32
288,Rio Cuarto,75,AR,1579562055,69,-33.13,-64.35,27.0,2.1
289,Mildura,0,AU,1579562124,63,-34.2,142.15,17.78,3.1
290,Ostrovnoy,100,RU,1579562246,90,68.05,39.51,-2.41,8.1
291,Mount Gambier,48,AU,1579562246,72,-37.83,140.77,15.0,2.1
292,Samarai,89,PG,1579562246,55,-10.62,150.67,32.07,1.31
293,Orodara,33,BF,1579562247,49,10.95,-4.93,22.0,0.72
294,Giyani,100,ZA,1579562247,74,-23.3,30.72,18.31,2.59
295,Zhigansk,80,RU,1579562247,97,66.77,123.37,-32.8,3.54
296,Nantucket,1,US,1579562247,53,41.28,-70.1,-2.0,4.6
297,Hay River,75,CA,1579562247,84,60.82,-115.8,-14.0,3.1
298,Polis,75,CY,1579562248,61,35.04,32.43,8.0,5.1
299,Leh,100,IN,1579562248,90,34.17,77.58,-21.82,1.88
300,Salekhard,87,RU,1579562248,85,66.53,66.6,-18.77,3.35
301,Teya,100,RU,1579562248,92,60.38,92.63,-22.22,3.13
302,Mbandaka,91,CD,1579562249,71,0.05,18.26,24.89,0.9
303,Impfondo,97,CG,1579562249,58,1.64,18.07,24.67,0.43
304,Brae,100,GB,1579562249,93,60.4,-1.35,9.0,8.2
305,Departamento de Maldonado,20,UY,1579562249,51,-34.67,-54.92,29.0,1.5
306,Kochevo,83,RU,1579562249,95,59.6,54.31,-11.56,2.75
307,Ruidoso,20,US,1579562249,39,33.33,-105.67,13.33,3.1
308,Umm Kaddadah,0,SD,1579562250,29,13.6,26.69,13.02,6.75
309,Bay Roberts,90,CA,1579562250,92,47.6,-53.26,-2.78,4.6
310,Haapiti,20,PF,1579562250,66,-17.57,-149.87,31.0,7.7
311,Maumere,96,ID,1579562250,77,-8.62,122.21,27.13,3.17
312,Conakry,100,GN,1579562250,78,9.54,-13.68,27.0,2.58
313,Kremenki,90,RU,1579562251,80,54.88,37.13,1.0,6.0
314,Ribeira Brava,75,PT,1579562251,54,32.65,-17.07,15.0,7.7
315,Narsaq,100,GL,1579562251,36,60.92,-46.05,-2.0,9.8
316,Las Cruces,1,US,1579562179,33,32.31,-106.78,16.11,3.1
317,Ruy Barbosa,22,BR,1579562251,66,-12.28,-40.49,23.34,2.52
318,Mount Isa,40,AU,1579562251,35,-20.73,139.5,31.0,1.5
319,Cockburn Town,82,TC,1579561956,72,21.46,-71.14,25.45,4.56
320,Gelibolu,20,TR,1579562252,71,40.41,26.67,0.0,8.39
321,Kirakira,13,SB,1579562252,68,-10.45,161.92,28.98,1.58
322,Zheleznodorozhnyy,75,RU,1579562252,80,55.75,38.0,2.22,5.0
323,Fukuecho,20,JP,1579562252,70,32.69,128.84,7.0,5.1
324,Guano,40,EC,1579562252,65,-1.58,-78.63,26.0,1.5
325,Kaminskiy,100,RU,1579562253,96,57.15,41.47,0.77,5.42
326,Omsukchan,100,RU,1579562253,98,62.53,155.8,-30.55,1.92
327,Sabang,100,ID,1579562253,79,5.89,95.32,27.68,8.78
328,Saiha,0,IN,1579562253,87,22.48,92.97,9.64,1.47
329,Champerico,20,GT,1579562253,55,14.3,-91.92,31.0,4.1
330,Cordoba,40,AR,1579562253,78,-31.41,-64.18,28.33,4.1
331,Qarchi Gak,90,AF,1579562254,88,37.04,66.79,3.0,1.0
332,Mackay,40,AU,1579562038,69,-21.15,149.2,31.67,2.1
333,Viedma,0,AR,1579562254,39,-40.81,-63.0,20.02,5.29
334,Yulara,32,AU,1579562254,23,-25.24,130.99,29.0,5.7
335,Hong Kong,20,HK,1579562153,82,22.29,114.16,17.78,3.6
336,Luis Correia,96,BR,1579562254,85,-2.88,-41.67,25.93,1.92
337,Itarema,36,BR,1579562255,89,-2.92,-39.92,24.14,1.89
338,Vila do Maio,0,CV,1579562255,53,15.13,-23.22,22.0,5.1
339,Isetskoye,96,RU,1579562255,98,56.49,65.32,-18.52,2.6
340,Pacific Grove,90,US,1579562255,76,36.62,-121.92,15.0,7.95
341,Alampur,0,IN,1579562255,67,15.88,78.15,20.57,3.03
342,Khulna,8,BD,1579562255,48,22.81,89.57,14.57,2.46
343,Goure,1,NE,1579562255,24,13.98,10.27,20.56,4.02
344,Atbasar,100,KZ,1579562256,93,51.8,68.33,-9.69,4.94
345,Warkworth,18,NZ,1579562256,68,-36.4,174.67,23.89,4.1
346,Pochutla,75,MX,1579562256,65,15.74,-96.47,28.0,7.7
347,Cam Ranh,20,VN,1579562256,94,11.92,109.16,22.0,1.5
348,Oksfjord,40,NO,1579562256,96,70.24,22.35,3.0,6.2
349,Venustiano Carranza,90,MX,1579562256,58,19.43,-99.1,25.0,2.1
350,Nar'yan-Mar,100,RU,1579562257,94,67.67,53.09,-16.14,8.27
351,Trincomalee,90,LK,1579562257,96,8.57,81.23,22.71,1.33
352,Jian,48,CN,1579562257,78,27.12,114.98,8.06,0.19
353,Bridlington,42,GB,1579562257,86,54.08,-0.19,5.0,2.1
354,Iquitos,40,PE,1579562257,100,-3.75,-73.25,6.0,1.5
355,Ambilobe,100,MG,1579562257,92,-13.2,49.05,25.29,3.16
356,Feicheng,23,CN,1579562258,69,35.26,117.97,-0.18,1.73
357,Kodinsk,100,RU,1579562258,93,58.69,99.18,-19.81,4.61
358,Bam,86,IR,1579562258,74,29.11,58.36,7.82,1.12
359,Thongwa,23,MM,1579562258,94,16.76,96.53,22.0,1.5
360,Qaqortoq,100,GL,1579562258,36,60.72,-46.03,-2.0,9.8
361,Fort Nelson,90,CA,1579562259,76,58.81,-122.7,-20.0,1.0
362,Cesis,100,LV,1579562259,91,57.31,25.27,5.0,3.58
363,Harper,35,LR,1579562259,86,4.38,-7.72,24.95,0.9
364,Bronnoysund,99,NO,1579562259,80,65.46,12.2,6.11,13.9
365,Beloha,57,MG,1579562259,81,-25.17,45.05,18.11,4.61
366,Urumqi,100,CN,1579562259,85,43.8,87.6,-12.0,1.48
367,Ayan,95,RU,1579562260,77,56.45,138.17,-19.72,2.97
368,Kahului,40,US,1579562193,61,20.89,-156.47,26.0,8.2
369,Pangnirtung,20,CA,1579561994,57,66.15,-65.71,-25.0,2.6
370,Vila Franca do Campo,75,PT,1579562260,67,37.72,-25.43,15.0,5.1
371,Saravan,90,AM,1579562260,81,39.72,45.65,0.0,2.1
372,Panjab,96,AF,1579562261,100,34.39,67.02,-16.84,0.44
373,Buta,96,CD,1579562261,39,2.79,24.73,20.25,0.82
374,Beringovskiy,0,RU,1579562261,99,63.05,179.32,-21.12,5.55
375,Ambulu,100,ID,1579562023,76,-8.35,113.61,26.78,2.19
376,Kerema,12,PG,1579562261,63,-7.96,145.78,30.58,1.75
377,Kalmunai,75,LK,1579562261,78,7.42,81.82,27.29,6.88
378,College,1,US,1579562012,75,64.86,-147.8,-22.22,1.78
379,Quebo,100,GW,1579562262,58,11.33,-14.93,21.03,1.55
380,Avallon,0,FR,1579562262,89,47.48,3.9,-0.56,2.6
381,Luderitz,0,NA,1579562262,82,-26.65,15.16,19.0,0.5
382,Montlucon,0,FR,1579562240,92,46.33,2.6,0.0,1.93
383,Lekoni,100,GA,1579562262,69,-1.58,14.26,25.8,2.74
384,Te Anau,100,NZ,1579562263,77,-45.42,167.72,16.91,1.71
385,Nemuro,100,JP,1579562263,70,43.32,145.57,-1.69,9.38
386,Bud,90,US,1579562263,68,39.45,-86.18,-2.78,4.1
387,Abu Kamal,21,SY,1579562263,81,34.45,40.92,8.91,3.42
388,Banda Aceh,95,ID,1579561995,92,5.56,95.32,23.01,1.7
389,Rades,20,TN,1579562264,72,36.77,10.28,15.0,7.7
390,Diego de Almagro,86,CL,1579562264,58,-26.37,-70.05,18.9,1.53
391,Bodden Town,20,KY,1579562264,78,19.28,-81.25,28.0,3.1
392,Huarmey,100,PE,1579562264,68,-10.07,-78.15,23.28,2.16
393,Nagato,20,JP,1579562264,65,34.38,131.2,8.0,2.1
394,Puerto Baquerizo Moreno,40,EC,1579562264,83,-0.9,-89.6,27.0,4.1
395,Blind River,1,CA,1579562264,67,46.18,-82.96,-6.0,2.1
396,Sakakah,3,SA,1579562265,52,29.97,40.21,9.0,3.6
397,Kurduvadi,0,IN,1579562265,57,18.08,75.43,20.81,3.08
398,Enshi,100,CN,1579562066,95,30.3,109.48,3.2,1.06
399,Kandi,15,BJ,1579562265,28,11.13,2.94,24.07,1.65
400,Znamenskoye,0,RU,1579562265,90,57.13,73.83,-22.88,1.23
401,Korla,86,CN,1579562266,88,41.76,86.15,-5.56,0.95
402,Mahibadhoo,75,MV,1579562266,80,3.78,72.97,27.92,7.01
403,Kalakamati,59,BW,1579562266,80,-20.59,27.31,17.76,6.05
404,Aykhal,90,RU,1579562266,83,66.0,111.5,-26.0,2.0
405,Tayoltita,22,MX,1579562267,53,24.08,-105.93,22.29,1.64
406,Uyutnoye,100,UA,1579562267,75,45.2,33.3,0.98,5.36
407,Geraldton,90,AU,1579562267,68,-28.77,114.6,21.0,9.3
408,My Tho,40,VN,1579562267,78,10.35,106.35,25.0,2.6
409,Srednekolymsk,100,RU,1579562268,97,67.45,153.68,-32.1,4.59
410,Ibipeba,91,BR,1579562141,60,-11.64,-42.01,25.45,3.77
411,Soyo,88,AO,1579562268,81,-6.13,12.37,25.69,1.98
412,Chabahar,0,IR,1579562268,74,25.29,60.64,17.62,1.32
413,Numan,0,NG,1579562269,24,9.47,12.03,23.49,1.81
414,Hamilton,90,US,1579562269,53,39.18,-84.53,-3.0,2.6
415,Lapuz,33,PH,1579562269,85,6.52,124.63,21.97,1.48
416,Borogontsy,9,RU,1579562269,98,62.67,131.17,-34.93,0.96
417,Constantine,40,DZ,1579562269,61,36.37,6.61,9.0,10.8
418,Leshukonskoye,100,RU,1579562269,95,64.9,45.76,-12.46,4.16
419,Vardo,90,NO,1579562270,86,70.37,31.11,0.0,6.7
420,Duki,93,PK,1579562270,78,30.15,68.57,4.83,1.26
421,Zhezkazgan,23,KZ,1579562048,95,47.8,67.71,-14.95,3.77
422,Yong'an,48,CN,1579562270,59,39.7,113.69,-10.15,1.02
423,Ouango,14,CF,1579562270,32,4.31,22.56,20.54,2.08
424,Lavrentiya,100,RU,1579561994,92,65.58,-171.0,-14.77,2.7
425,La Rioja,77,ES,1579562271,87,42.25,-2.5,0.0,2.6
426,Umba,98,RU,1579562271,98,66.69,34.34,0.28,5.43
427,Kupang,40,ID,1579562272,100,-10.17,123.58,26.0,1.5
428,Barra de Tecoanapa,36,MX,1579562272,67,16.52,-98.75,28.75,2.28
429,Suez,0,EG,1579562272,64,29.97,32.53,10.98,4.98
430,Mezen,100,RU,1579562272,94,65.85,44.24,-8.63,6.61
431,The Pas,1,CA,1579562272,84,53.83,-101.25,-13.0,1.5
432,Belmonte,20,BR,1579562273,74,-15.86,-38.88,27.0,4.6
433,Sumbe,100,AO,1579562273,76,-11.21,13.84,25.41,0.37
434,Haradok,100,BY,1579562274,89,55.46,29.98,1.6,6.67
435,Tres Passos,93,BR,1579562274,87,-27.46,-53.93,25.56,2.57
436,Laas,0,IT,1579562064,77,46.62,10.7,-1.67,1.0
437,Talcahuano,0,CL,1579562274,60,-36.72,-73.12,21.0,4.1
438,Hastings,0,GB,1579562124,100,50.86,0.57,3.89,2.1
439,Camapua,67,BR,1579562274,76,-19.53,-54.04,25.89,2.99
440,Belyy Yar,1,RU,1579562275,64,53.6,91.39,-18.0,4.0
441,Donetsk,41,UA,1579562027,85,48.0,37.8,-1.59,4.57
442,Nuevo Progreso,100,MX,1579562275,76,23.17,-97.95,17.22,1.34
443,Vostok,94,RU,1579562275,96,46.49,135.88,-19.87,2.16
444,Tomatlan,0,MX,1579562275,57,19.93,-105.25,27.67,1.56
445,Bushehr,0,IR,1579562276,65,28.97,50.84,13.72,2.87
446,Shunyi,20,CN,1579562024,66,40.12,116.65,-3.33,1.0
447,Quatre Cocos,40,MU,1579562276,83,-20.21,57.76,26.67,5.64
448,Vestmanna,67,FO,1579562276,68,62.16,-7.17,5.0,9.8
449,Kenai,90,US,1579562276,85,60.55,-151.26,-7.0,2.1
450,Willowmore,80,ZA,1579562276,83,-33.29,23.49,14.79,2.52
451,Saldanha,0,ZA,1579562277,68,-33.01,17.94,20.0,1.0
452,Kapoeta,25,SS,1579562277,28,4.77,33.59,27.24,3.11
453,Liwale,100,TZ,1579562277,99,-9.77,37.93,22.58,2.87
454,Touros,40,BR,1579562277,78,-5.2,-35.46,27.0,4.1
455,Kurumkan,16,RU,1579562277,85,54.3,110.3,-25.96,0.99
456,Sampit,100,ID,1579562189,94,-2.53,112.95,24.24,1.1
457,Vao,87,NC,1579562278,59,-22.67,167.48,24.84,2.67
458,Nizhneudinsk,100,RU,1579562278,80,54.91,99.03,-21.33,1.41
459,Salina,1,US,1579562278,49,38.84,-97.61,-3.0,3.6
460,Alofi,40,NU,1579562278,65,-19.06,-169.92,28.0,5.1
461,Igarka,2,RU,1579562278,95,67.47,86.58,-40.29,1.66
462,Lavumisa,23,SZ,1579562278,68,-27.31,31.89,22.0,2.6
463,Sherghati,63,IN,1579562278,68,24.57,84.78,10.63,0.7
464,Troitskoye,100,RU,1579562279,97,52.98,84.68,-19.14,1.67
465,Benguela,100,AO,1579562279,70,-12.58,13.41,27.03,1.91
466,Mahebourg,40,MU,1579562279,83,-20.41,57.7,26.67,2.85
467,Libreville,40,GA,1579562279,79,0.39,9.45,29.0,3.1
468,Greenville,1,US,1579562134,50,35.61,-77.37,2.0,3.1
469,Askiz,61,RU,1579562280,84,53.13,90.53,-19.99,2.77
470,Katsuura,20,JP,1579561989,49,35.13,140.3,9.0,10.3
471,Pisco,100,PE,1579562280,30,-13.7,-76.22,22.0,8.2
472,Quang Ngai,67,VN,1579562280,83,15.12,108.8,21.39,2.83
473,Vazhiny,100,RU,1579562280,94,60.96,34.02,2.59,6.14
474,Hillsboro,40,US,1579562254,70,45.52,-122.99,9.44,1.5
475,Nichinan,20,JP,1579562281,65,31.6,131.37,5.0,4.1
476,Coos Bay,1,US,1579562281,81,43.37,-124.22,14.44,2.6
477,Half Moon Bay,40,US,1579562281,82,37.46,-122.43,14.44,6.7
478,Obo,100,CF,1579562281,28,5.4,26.49,19.94,2.56
479,Burnie,67,AU,1579562281,65,-41.07,145.92,21.11,0.89
480,Tsiroanomandidy,100,MG,1579562282,96,-18.77,46.03,20.55,1.03
481,Roquetas de Mar,75,ES,1579562282,87,36.76,-2.61,9.44,4.1
482,Marsabit,0,KE,1579562282,40,2.33,37.99,25.7,4.89
483,Forsytheganj,100,BY,1579562282,85,52.63,29.73,0.09,6.91
484,Buraidah,0,SA,1579562282,71,26.33,43.98,10.0,1.44
485,Evanston,75,US,1579561999,62,42.04,-87.69,-1.0,1.5
486,Morro Bay,90,US,1579562283,54,35.37,-120.85,15.0,3.1
487,Flinders,0,AU,1579562283,49,-34.58,150.86,25.56,6.26
488,Perelyub,76,RU,1579562283,95,51.87,50.37,-4.53,4.95
489,El Sauzal de Rodriguez,100,MX,1579562283,79,31.9,-116.68,16.11,1.34
490,Evensk,83,RU,1579562283,83,61.95,159.23,-24.36,2.03
491,Atlantic City,1,US,1579562284,38,39.36,-74.42,-1.0,3.6
492,Roberval,75,CA,1579562284,77,48.52,-72.23,-17.0,2.1
493,Savonlinna,75,FI,1579562284,86,61.87,28.92,3.0,4.6
494,Dubbo,0,AU,1579562284,41,-32.25,148.62,24.0,3.1
495,Valparaiso,7,CL,1579562268,68,-33.04,-71.63,19.0,4.1
496,Kaeo,1,NZ,1579562284,71,-35.1,173.78,30.56,0.45
497,Mahon,40,ES,1579562285,87,39.89,4.27,14.0,11.8
498,Kardamena,20,GR,1579562285,61,36.78,27.14,8.0,7.7
499,Bodrum,0,TR,1579562252,52,37.04,27.43,8.0,1.5
500,Omboue,45,GA,1579562003,91,-1.57,9.26,24.61,1.15
501,Shenkursk,99,RU,1579562285,91,62.11,42.9,-1.77,4.38
502,Teberda,0,RU,1579562285,46,43.45,41.74,-13.22,2.43
503,Hayden,20,US,1579562285,99,47.77,-116.79,3.89,3.6
504,Wajima,100,JP,1579562286,65,37.4,136.9,4.82,11.75
505,San Patricio,5,MX,1579562286,79,19.22,-104.7,30.0,5.1
506,Kuusamo,90,FI,1579562181,95,65.97,29.18,1.0,5.1
507,Tupiza,20,BO,1579562286,69,-21.45,-65.72,14.0,5.04
508,Murgab,90,TM,1579562286,93,37.5,61.97,4.0,2.1
509,Taoudenni,17,ML,1579562286,17,22.68,-3.98,16.15,2.89
510,Mnogovershinnyy,13,RU,1579562287,82,53.94,139.92,-19.91,2.5
511,Agde,99,FR,1579562287,70,43.31,3.48,6.0,5.7
512,Abha,5,SA,1579562007,93,18.22,42.51,12.0,2.6
513,Gizo,39,SB,1579562287,69,-8.1,156.84,28.14,2.24
514,Houma,1,US,1579562083,37,29.6,-90.72,11.11,4.6
515,Poltavka,94,RU,1579562287,96,54.37,71.76,-13.27,3.59
516,Yaqui,20,MX,1579562288,28,27.37,-110.17,27.0,2.6
517,Sterling,1,US,1579562032,36,39.01,-77.43,-0.56,3.1
518,Araci,17,BR,1579562288,70,-11.33,-38.97,23.79,5.19
519,Vangaindrano,100,MG,1579562288,96,-23.35,47.6,20.82,2.58
520,Bengkulu,68,ID,1579561996,91,-3.8,102.27,23.69,1.61
521,Laguna,40,US,1579561999,76,38.42,-121.42,13.0,0.89
522,Kavaratti,17,IN,1579562289,74,10.57,72.64,27.71,5.02
523,Mahajanga,40,MG,1579562289,88,-15.72,46.32,28.0,8.2
524,Nagahama,75,JP,1579562289,67,35.38,136.27,6.11,1.0
525,Palauig,0,PH,1579562289,70,15.44,119.9,23.7,0.88
526,Dingle,63,PH,1579562015,82,11.0,122.67,22.83,5.5
527,Myaundzha,34,RU,1579562289,94,63.05,147.19,-38.03,1.37
528,Verkhoyansk,86,RU,1579562290,100,67.54,133.38,-33.54,0.28
529,Kunming,0,CN,1579562290,70,25.04,102.72,6.0,6.0
530,Amazar,100,RU,1579562290,99,53.86,120.88,-28.15,0.46
531,Blyth,75,GB,1579562290,87,55.13,-1.51,7.22,6.2
532,Boke,100,GN,1579562290,73,10.94,-14.3,21.38,0.98
533,Chany,99,RU,1579562290,91,55.31,76.76,-19.25,2.28
534,Warwick,1,US,1579562291,37,41.7,-71.42,-2.78,3.6
535,Treinta y Tres,58,UY,1579562291,64,-33.23,-54.38,24.7,5.0
536,Batticaloa,84,LK,1579562291,93,7.71,81.69,23.07,1.45
537,Anapskaya,75,RU,1579562292,82,44.89,37.38,0.0,5.0
538,Hokitika,94,NZ,1579562045,85,-42.72,170.97,15.94,2.61
539,Maoming,96,CN,1579562292,81,21.65,110.9,17.32,4.81
540,Vitoria da Conquista,19,BR,1579562292,78,-14.87,-40.84,20.96,2.88
541,Acapulco de Juarez,40,MX,1579562292,74,16.86,-99.89,30.0,1.0
542,Tabas,0,IR,1579562293,86,33.6,56.92,3.0,2.1
543,Serenje,100,ZM,1579562293,96,-13.23,30.24,18.08,0.81
544,Aswan,0,EG,1579562293,46,24.09,32.91,12.0,5.1
545,Alyangula,94,AU,1579562293,79,-13.85,136.42,29.0,3.1
546,Alugan,55,PH,1579562293,72,12.22,125.48,25.5,7.01
547,Ejea de los Caballeros,20,ES,1579562293,69,42.13,-1.14,3.33,6.7
548,Kloulklubed,75,PW,1579562002,78,7.04,134.26,26.0,2.1
549,San Quintin,97,MX,1579562294,68,30.48,-115.95,16.07,2.75
550,Daru,89,PG,1579562294,79,-9.08,143.21,29.5,2.15
551,Ust'-Karsk,100,RU,1579562294,95,52.7,118.81,-23.36,0.72
552,Raymond,1,US,1579562295,44,43.9,-70.47,-7.22,2.1
553,Wloclawek,41,PL,1579562295,90,52.65,19.07,0.56,1.79
554,Mayumba,70,GA,1579562295,78,-3.43,10.66,28.36,4.53
555,San Cristobal,20,VE,1579562295,58,7.77,-72.22,30.0,3.1
556,Manokwari,0,ID,1579562295,65,-0.87,134.08,26.64,3.01
557,Sao Jose da Coroa Grande,95,BR,1579562296,78,-8.9,-35.15,26.76,5.51
558,Pokhara,59,NP,1579562296,60,28.23,83.98,8.09,1.02
559,OEstersund,100,SE,1579562296,93,63.18,14.64,4.44,5.7
560,Karratha,26,AU,1579562296,76,-20.74,116.85,29.87,3.86
561,La Ronge,75,CA,1579562296,71,55.1,-105.28,-14.0,2.22
562,San Ignacio,20,BZ,1579562296,83,17.16,-89.07,26.11,2.1
563,Rayagada,0,IN,1579562297,89,19.17,83.42,16.03,0.57
564,Gondanglegi,76,ID,1579562297,80,-7.75,112.01,25.59,0.25
565,Bairiki Village,75,KI,1579562297,74,1.33,172.98,31.0,2.1
566,Concordia,100,AR,1579562275,89,-31.39,-58.02,25.56,0.89
567,Port-Gentil,40,GA,1579562037,88,-0.72,8.78,28.0,3.6
568,Rosetta,40,EG,1579562298,54,31.4,30.42,14.0,8.2
569,Sedlcany,2,CZ,1579562298,80,49.66,14.43,0.0,2.6
570,Quartz Hill,75,US,1579562298,30,34.65,-118.22,18.0,2.1
571,Mutsu,40,JP,1579562298,85,41.29,141.22,3.89,1.5
572,Svetlaya,0,RU,1579562298,65,46.54,138.33,-11.16,3.05
573,Monzon,68,ES,1579562146,93,41.91,0.19,8.33,1.5
574,Usinsk,80,RU,1579562299,94,65.99,57.53,-20.2,6.48
575,Sri Aman,98,MY,1579562299,100,1.24,111.46,24.0,0.51
576,Dabola,95,GN,1579562299,28,10.75,-11.12,22.34,0.88
577,Acarau,36,BR,1579562299,89,-2.89,-40.12,24.14,1.89
578,Jumla,94,NP,1579562299,95,29.27,82.18,-4.61,0.8
579,Lima,90,PE,1579562299,73,-12.04,-77.03,25.0,5.1
580,Grindavik,75,IS,1579562300,67,63.84,-22.43,1.0,15.4
581,Mangai,78,CD,1579562300,89,-4.05,19.53,22.82,0.98
582,Gagarin,96,RU,1579562300,90,55.55,35.0,0.28,6.98
583,Hecun,96,CN,1579562300,65,36.53,114.11,-1.6,0.98
584,Skelleftea,30,SE,1579562300,65,64.75,20.95,8.0,7.2
